{
  "n_estimators": 316,
  "learning_rate": 0.01669157141618452,
  "max_depth": 3,
  "subsample": 0.9387938854431386,
  "colsample_bytree": 0.8363731381206192,
  "reg_alpha": 0.00010118584539267316,
  "reg_lambda": 0.00019382867359545375
}