{
  "n_estimators": 252,
  "learning_rate": 0.01699878283883137,
  "max_depth": 3,
  "subsample": 0.7424344818558868,
  "colsample_bytree": 0.6014462029843461,
  "reg_alpha": 0.0009217240154403235,
  "reg_lambda": 0.0029025915901640807,
  "min_child_samples": 12,
  "min_split_gain": 0.4387010682820823
}