{
  "n_estimators": 325,
  "learning_rate": 0.012090920539674253,
  "max_depth": 3,
  "subsample": 0.8178973593841155,
  "colsample_bytree": 0.8074959070042823,
  "reg_alpha": 0.0024944840206180888,
  "reg_lambda": 0.602369542222463,
  "min_child_weight": 2.7949039015399277,
  "gamma": 0.2272058510283273
}