{
  "n_estimators": 597,
  "learning_rate": 0.11945952244443149,
  "max_depth": 4,
  "subsample": 0.9384984155151257,
  "colsample_bytree": 0.7032703737307777,
  "reg_alpha": 0.00010571313692477619,
  "reg_lambda": 0.014327367927498372,
  "min_child_weight": 1.301007846514624,
  "gamma": 1.4232347001256198
}