{
  "n_estimators": 577,
  "learning_rate": 0.08469269512949897,
  "max_depth": 5,
  "subsample": 0.9942651834718017,
  "colsample_bytree": 0.6455081761869446,
  "reg_alpha": 0.0016628937478780136,
  "reg_lambda": 0.07539921965969161,
  "min_child_weight": 1.621384390407576,
  "gamma": 0.5010817363168633
}