{
  "n_estimators": 585,
  "learning_rate": 0.026391519782606194,
  "max_depth": 3,
  "subsample": 0.6057913221968109,
  "colsample_bytree": 0.6065999636623379,
  "reg_alpha": 0.00018174771879995267,
  "reg_lambda": 0.004789802997960541,
  "min_child_samples": 9,
  "min_split_gain": 0.6885318957114819
}