{
  "n_estimators": 222,
  "learning_rate": 0.015542026371765662,
  "max_depth": 3,
  "subsample": 0.6234167484829084,
  "colsample_bytree": 0.9697630807359361,
  "reg_alpha": 0.0001741815133362378,
  "reg_lambda": 0.02110934220848223,
  "min_child_weight": 4.053905339347775,
  "gamma": 0.02684151650885395
}