{
  "n_estimators": 287,
  "learning_rate": 0.01375463282253213,
  "max_depth": 6,
  "subsample": 0.7236477596529068,
  "colsample_bytree": 0.6229400527808734,
  "reg_alpha": 0.0007209394219554622,
  "reg_lambda": 0.0030283638348811838
}