{
  "n_estimators": 163,
  "learning_rate": 0.019577921280101235,
  "max_depth": 4,
  "subsample": 0.890453772609574,
  "colsample_bytree": 0.9201609601306766,
  "reg_alpha": 0.00041741575893850614,
  "reg_lambda": 0.0006411321712601285
}