{
  "n_estimators": 114,
  "learning_rate": 0.017599586423142206,
  "max_depth": 7,
  "subsample": 0.6729464648862561,
  "colsample_bytree": 0.775857573433785,
  "reg_alpha": 0.0001925889716732675,
  "reg_lambda": 0.00032083701975270005
}