{
  "n_estimators": 405,
  "learning_rate": 0.011327101081209611,
  "max_depth": 6,
  "subsample": 0.698398023685098,
  "colsample_bytree": 0.604284676715141,
  "reg_alpha": 0.003394152792035177,
  "reg_lambda": 0.014821957774876323
}