{
  "n_estimators": 484,
  "learning_rate": 0.0108395000887899,
  "max_depth": 5,
  "subsample": 0.7183579603109248,
  "colsample_bytree": 0.6387197827459379,
  "reg_alpha": 0.0009708991043721205,
  "reg_lambda": 0.011171307008624776
}