{
  "n_estimators": 229,
  "learning_rate": 0.015506313256543027,
  "max_depth": 3,
  "subsample": 0.7133658576297089,
  "colsample_bytree": 0.7384125994527735,
  "reg_alpha": 0.0014312825761360565,
  "reg_lambda": 0.001841296594073719,
  "min_child_samples": 7,
  "min_split_gain": 0.4544302882445669
}