{
  "n_estimators": 292,
  "learning_rate": 0.01568146962378208,
  "max_depth": 3,
  "subsample": 0.6383081122107273,
  "colsample_bytree": 0.7668368511795443,
  "reg_alpha": 0.0003096859259283874,
  "reg_lambda": 0.0006336154672748206,
  "min_child_samples": 46,
  "min_split_gain": 0.6165370286302638
}